ClientID,Nom,Email,Ville
1,Michaela Banks,erin70@mckinney.com,North Stephanie
2,Lauren Jensen,ulewis@gmail.com,Millerbury
3,Paul Stout,riverapaul@gmail.com,East Rebeccaland
4,Lauren Luna,jasminewest@gmail.com,Owensmouth
5,Angel Haley,lanceboyle@hotmail.com,New Austinland
6,David Palmer,diazpatrick@martinez-diaz.biz,Port Alexandershire
7,Nicholas Moses,ikelly@hotmail.com,Carlshire
8,Megan Key,petersonrenee@kaufman.biz,Michelleton
9,Amy Yates,ryan23@yahoo.com,Richardsburgh
10,Justin Foley,joseph23@yahoo.com,Ericaside
11,Rachel Cox,chrisfisher@gmail.com,Villarrealbury
12,Kimberly Baldwin,william29@davis.com,West Rachel
13,Daniel Murphy,michelle08@wells-freeman.net,Port Victorberg
14,Diana Austin,andrewwhite@hotmail.com,New Elizabeth
15,Mark Benitez,burnettalexis@jones-hart.net,North Anna
16,Eric Reyes,taylorduncan@yahoo.com,South Jean
17,Douglas Ferguson,careygary@hotmail.com,Lake Judithview
18,Matthew Freeman,beverlymorris@stephenson-rodriguez.net,Calderonport
19,Carl Mayer,alejandro12@ayers.com,Karenton
20,Kevin Jackson,huntlindsey@hotmail.com,Jasonside
21,Caleb Olson,qstewart@reeves.com,Michaelberg
22,Gary Brandt,richardtaylor@hotmail.com,New Isaac
23,Craig Nelson,ronaldhunter@yahoo.com,Kaylaton
24,Alyssa Vargas,willisjacob@yahoo.com,Garymouth
25,Dr. Benjamin Hoffman,emily93@maxwell.com,Medinastad
26,Gina Hunter,arnoldchristian@brown-brown.org,Dianafurt
27,Eric Mann,ssmith@yahoo.com,Newtonhaven
28,Abigail Arnold,larry94@gmail.com,Vaughanside
29,Jessica Johnson,terri77@acosta-richardson.com,Lake Derek
30,Edward Smith,jessicakaiser@yahoo.com,Rojasborough
31,Jeanette Bailey,debra11@jones.com,Jacobton
32,Chris Cook,davisbrenda@logan.com,East Brandonton
33,Brendan Herrera,jeremiah92@hotmail.com,Lake Daisyport
34,Jenny Cox,ethanjohnson@yahoo.com,Josephburgh
35,Justin Hays,lindsey36@collins.com,Hintonview
36,Joseph Gallagher,mendezdaryl@barnes.com,Moralesside
37,Tiffany Hill,julievaldez@williams.biz,East Elizabeth
38,Susan Petersen,joewalker@hotmail.com,Erinfurt
39,Joshua Maxwell,karenrobertson@watson.com,Lake Daniel
40,Beth Hobbs,davidmartinez@gmail.com,East Jamesstad
41,Brittany Delacruz,lknight@mercer.com,North Rachel
42,Edward Edwards,sandersdaniel@yahoo.com,Lake Susanborough
43,Richard Clarke,patelrichard@wood.org,West Paul
44,Rebecca White,dustinjohnson@yahoo.com,Elliottberg
45,Jacqueline Odom,david78@smith-watson.com,North Eric
46,David Flowers,xward@sloan.com,Jeffreymouth
47,Brandy Davis,jaymartin@gmail.com,Gregoryland
48,Todd Hill,alexanderbrandon@gmail.com,New Cindyburgh
49,Amy Brooks,bwhite@phillips-peters.com,Salinasborough
50,Eric Brown,jjordan@nelson.com,Amyview
